Year,NOC,participants
1896,AUS,5
1896,AUT,8
1896,DEN,15
1896,FRA,26
1896,GBR,25
1896,GER,94
1896,GRE,148
1896,HUN,18
1896,ITA,1
1896,SUI,8
1896,SWE,5
1896,USA,27
1900,ARG,1
1900,AUS,6
1900,AUT,26
1900,BEL,100
1900,BRA,3
1900,CAN,7
1900,COL,1
1900,CUB,2
1900,CZE,9
1900,DEN,36
1900,ESP,12
1900,FRA,1071
1900,GBR,146
1900,GER,103
1900,GRE,4
1900,HAI,4
1900,HUN,34
1900,IND,5
1900,IRI,1
1900,ITA,36
1900,LUX,1
1900,MEX,3
1900,NED,73
1900,NOR,29
1900,NZL,1
1900,PER,2
1900,ROU,1
1900,RUS,5
1900,SUI,52
1900,SWE,27
1900,USA,135
1904,AUS,6
1904,AUT,7
1904,CAN,61
1904,CUB,6
1904,FRA,2
1904,GBR,6
1904,GER,55
1904,GRE,17
1904,HUN,9
1904,ITA,1
1904,NFL,1
1904,NOR,6
1904,RSA,8
1904,SUI,7
1904,USA,1109
1906,AUS,10
1906,AUT,100
1906,BEL,31
1906,CAN,4
1906,CRT,11
1906,CZE,29
1906,DEN,68
1906,EGY,5
1906,FIN,18
1906,FRA,174
1906,GBR,113
1906,GER,157
1906,GRE,484
1906,HUN,99
1906,ITA,103
1906,NED,49
1906,NOR,55
1906,SUI,45
1906,SWE,95
1906,TUR,2
1906,USA,81
1908,AUS,48
1908,AUT,13
1908,BEL,99
1908,CAN,148
1908,CZE,41
1908,DEN,107
1908,FIN,94
1908,FRA,319
1908,GBR,960
1908,GER,145
1908,GRE,49
1908,HUN,107
1908,ISL,1
1908,ITA,97
1908,NED,218
1908,NOR,103
1908,RSA,33
1908,RUS,5
1908,SUI,1
1908,SWE,272
1908,USA,218
1912,AUS,38
1912,AUT,132
1912,BEL,72
1912,CAN,60
1912,CHI,28
1912,CZE,74
1912,DEN,233
1912,FIN,233
1912,FRA,232
1912,GBR,461
1912,GER,312
1912,GRE,77
1912,HUN,207
1912,ISL,2
1912,ITA,96
1912,JPN,4
1912,LUX,44
1912,NED,45
1912,NOR,263
1912,POL,1
1912,POR,8
1912,RSA,56
1912,RUS,266
1912,SRB,2
1912,SUI,7
1912,SWE,714
1912,TUR,7
1912,UNK,2
1912,USA,364
1920,ARG,1
1920,AUS,29
1920,BEL,509
1920,BRA,38
1920,CAN,77
1920,CHI,2
1920,CZE,174
1920,DEN,246
1920,EGY,22
1920,ESP,111
1920,EST,20
1920,FIN,133
1920,FRA,443
1920,GBR,336
1920,GRE,98
1920,IND,7
1920,ITA,291
1920,JPN,26
1920,LUX,35
1920,MON,7
1920,NED,213
1920,NOR,261
1920,NZL,6
1920,POR,40
1920,RSA,97
1920,SRB,15
1920,SUI,117
1920,SWE,389
1920,USA,458
1924,ARG,109
1924,AUS,60
1924,AUT,56
1924,BEL,234
1924,BRA,18
1924,BUL,31
1924,CAN,83
1924,CHI,18
1924,CUB,13
1924,CZE,242
1924,DEN,158
1924,ECU,4
1924,EGY,30
1924,ESP,151
1924,EST,47
1924,FIN,253
1924,FRA,636
1924,GBR,428
1924,GRE,79
1924,HAI,16
1924,HUN,140
1924,IND,24
1924,IRL,60
1924,ITA,333
1924,JPN,37
1924,LAT,47
1924,LTU,13
1924,LUX,122
1924,MEX,28
1924,MON,9
1924,NED,246
1924,NOR,105
1924,NZL,6
1924,PHI,2
1924,POL,100
1924,POR,47
1924,ROU,45
1924,RSA,44
1924,RUS,3
1924,SRB,116
1924,SUI,262
1924,SWE,256
1924,TUR,23
1924,URU,40
1924,USA,459
1928,ARG,98
1928,AUS,29
1928,AUT,113
1928,BEL,260
1928,BUL,10
1928,CAN,113
1928,CHI,46
1928,CUB,1
1928,CZE,147
1928,DEN,122
1928,EGY,43
1928,ESP,106
1928,EST,23
1928,FIN,132
1928,FRA,422
1928,GBR,354
1928,GER,399
1928,GRE,47
1928,HAI,3
1928,HUN,219
1928,IND,24
1928,IRL,44
1928,ITA,273
1928,JPN,56
1928,LAT,24
1928,LTU,13
1928,LUX,107
1928,MEX,55
1928,MLT,9
1928,MON,12
1928,NED,384
1928,NOR,79
1928,NZL,13
1928,PAN,2
1928,PHI,6
1928,POL,146
1928,POR,39
1928,ROU,33
1928,RSA,40
1928,SRB,86
1928,SUI,236
1928,SWE,139
1928,TUR,40
1928,URU,17
1928,USA,426
1928,ZIM,2
1932,ARG,47
1932,AUS,20
1932,AUT,33
1932,BEL,69
1932,BRA,67
1932,BUL,2
1932,CAN,191
1932,CHN,2
1932,COL,2
1932,CUB,3
1932,CZE,44
1932,DEN,94
1932,ESA,4
1932,ESP,8
1932,EST,3
1932,FIN,66
1932,FRA,159
1932,GBR,170
1932,GER,202
1932,GRE,16
1932,GUA,1
1932,HAI,3
1932,HUN,118
1932,IND,26
1932,IRL,18
1932,ITA,154
1932,JPN,203
1932,LAT,13
1932,LUX,11
1932,MEX,100
1932,MON,1
1932,NED,80
1932,NOR,8
1932,NZL,29
1932,PER,3
1932,PHI,8
1932,POL,71
1932,POR,8
1932,ROU,2
1932,RSA,20
1932,SRB,1
1932,SUI,9
1932,SWE,128
1932,TUR,2
1932,URU,6
1932,USA,743
1932,VEN,1
1936,AFG,16
1936,ARG,68
1936,AUS,39
1936,AUT,363
1936,BEL,205
1936,BER,9
1936,BOL,2
1936,BRA,94
1936,BUL,85
1936,CAN,167
1936,CHI,56
1936,CHN,65
1936,COL,6
1936,CRC,1
1936,CZE,293
1936,DEN,173
1936,EGY,66
1936,EST,36
1936,FIN,186
1936,FRA,303
1936,GBR,250
1936,GER,581
1936,GRE,64
1936,HUN,335
1936,IND,30
1936,ISL,13
1936,ITA,349
1936,JPN,325
1936,LAT,33
1936,LIE,8
1936,LUX,129
1936,MEX,32
1936,MLT,11
1936,MON,11
1936,NED,227
1936,NOR,84
1936,NZL,9
1936,PER,46
1936,PHI,40
1936,POL,177
1936,POR,26
1936,ROU,118
1936,RSA,54
1936,SRB,173
1936,SUI,328
1936,SWE,231
1936,TUR,62
1936,URU,40
1936,USA,487
1948,AFG,25
1948,ARG,295
1948,AUS,103
1948,AUT,239
1948,BEL,182
1948,BER,28
1948,BRA,105
1948,CAN,188
1948,CHI,72
1948,CHN,33
1948,COL,11
1948,CUB,112
1948,CZE,153
1948,DEN,253
1948,EGY,166
1948,ESP,84
1948,FIN,215
1948,FRA,433
1948,GBR,590
1948,GRE,97
1948,GUY,7
1948,HUN,222
1948,IND,89
1948,IRI,39
1948,IRL,83
1948,IRQ,13
1948,ISL,27
1948,ITA,310
1948,JAM,26
1948,KOR,48
1948,LIB,9
1948,LIE,2
1948,LUX,115
1948,MEX,149
1948,MLT,1
1948,MON,4
1948,MYA,5
1948,NED,187
1948,NOR,97
1948,NZL,8
1948,PAK,44
1948,PAN,2
1948,PER,49
1948,PHI,31
1948,POL,52
1948,POR,65
1948,PUR,9
1948,RSA,43
1948,SGP,1
1948,SRB,162
1948,SRI,10
1948,SUI,287
1948,SWE,223
1948,SYR,1
1948,TTO,9
1948,TUR,87
1948,URU,79
1948,USA,424
1948,VEN,2
1952,AHO,11
1952,ARG,174
1952,AUS,140
1952,AUT,238
1952,BAH,7
1952,BEL,184
1952,BER,12
1952,BRA,119
1952,BUL,179
1952,CAN,154
1952,CHI,82
1952,CHN,1
1952,CUB,57
1952,CZE,218
1952,DEN,201
1952,EGY,196
1952,ESP,42
1952,FIN,412
1952,FRA,408
1952,GBR,401
1952,GER,365
1952,GHA,9
1952,GRE,54
1952,GUA,35
1952,GUY,1
1952,HKG,9
1952,HUN,345
1952,INA,3
1952,IND,94
1952,IRI,23
1952,IRL,25
1952,ISL,18
1952,ISR,31
1952,ITA,376
1952,JAM,16
1952,JPN,133
1952,KOR,22
1952,LIB,9
1952,LIE,2
1952,LUX,101
1952,MEX,85
1952,MON,10
1952,MYA,5
1952,NED,180
1952,NGR,15
1952,NOR,190
1952,NZL,20
1952,PAK,51
1952,PAN,1
1952,PHI,28
1952,POL,248
1952,POR,155
1952,PUR,23
1952,ROU,241
1952,RSA,109
1952,RUS,451
1952,SAA,93
1952,SGP,7
1952,SRB,194
1952,SRI,7
1952,SUI,251
1952,SWE,355
1952,THA,15
1952,TTO,2
1952,TUR,58
1952,URU,42
1952,USA,451
1952,VEN,63
1952,VNM,13
1956,AFG,12
1956,ARG,44
1956,AUS,412
1956,AUT,57
1956,BAH,5
1956,BEL,82
1956,BER,3
1956,BRA,63
1956,BUL,82
1956,CAM,2
1956,CAN,150
1956,CHI,43
1956,COL,47
1956,CUB,24
1956,CZE,161
1956,DEN,51
1956,EGY,6
1956,ESP,12
1956,ETH,30
1956,FIJ,5
1956,FIN,147
1956,FRA,227
1956,GBR,283
1956,GER,261
1956,GRE,16
1956,GUY,6
1956,HKG,4
1956,HUN,197
1956,INA,24
1956,IND,79
1956,IRI,17
1956,IRL,25
1956,ISL,2
1956,ISR,3
1956,ITA,207
1956,JAM,13
1956,JPN,222
1956,KEN,33
1956,KOR,36
1956,LBR,11
1956,LUX,27
1956,MAL,34
1956,MEX,36
1956,MYA,12
1956,NED,1
1956,NGR,14
1956,NOR,29
1956,NZL,57
1956,PAK,79
1956,PER,10
1956,PHI,48
1956,POL,118
1956,POR,18
1956,PUR,14
1956,ROU,103
1956,RSA,90
1956,RUS,411
1956,SGP,52
1956,SRB,37
1956,SRI,3
1956,SUI,18
1956,SWE,186
1956,THA,40
1956,TPE,23
1956,TTO,10
1956,TUR,28
1956,UGA,5
1956,URU,29
1956,USA,443
1956,VEN,38
1956,VNM,10
1960,AFG,16
1960,AHO,5
1960,ARG,116
1960,AUS,280
1960,AUT,198
1960,BAH,14
1960,BEL,150
1960,BER,9
1960,BRA,86
1960,BUL,183
1960,CAN,140
1960,CHI,9
1960,COL,23
1960,CUB,21
1960,CZE,202
1960,DEN,109
1960,ESP,238
1960,ETH,15
1960,FIJ,3
1960,FIN,219
1960,FRA,363
1960,GBR,389
1960,GER,425
1960,GHA,15
1960,GRE,59
1960,GUY,6
1960,HAI,1
1960,HKG,4
1960,HUN,312
1960,INA,27
1960,IND,49
1960,IRI,24
1960,IRL,63
1960,IRQ,28
1960,ISL,11
1960,ISR,46
1960,ITA,402
1960,JPN,278
1960,KEN,30
1960,KOR,49
1960,LBR,6
1960,LIB,22
1960,LIE,8
1960,LUX,117
1960,MAL,11
1960,MAR,111
1960,MEX,110
1960,MLT,13
1960,MON,13
1960,MYA,10
1960,NED,160
1960,NGR,15
1960,NOR,50
1960,NZL,47
1960,PAK,53
1960,PAN,8
1960,PER,33
1960,PHI,49
1960,POL,307
1960,POR,109
1960,PUR,29
1960,RHO,12
1960,ROU,156
1960,RSA,72
1960,RUS,414
1960,SGP,5
1960,SMR,13
1960,SRB,185
1960,SRI,5
1960,SUD,13
1960,SUI,221
1960,SWE,258
1960,THA,24
1960,TPE,31
1960,TUN,56
1960,TUR,58
1960,UAR,123
1960,UGA,16
1960,URU,42
1960,USA,448
1960,VEN,54
1960,VNM,5
1960,ZIM,10
1964,AFG,8
1964,AHO,4
1964,ALG,7
1964,ARG,148
1964,AUS,392
1964,AUT,82
1964,BAH,12
1964,BEL,74
1964,BER,4
1964,BOL,1
1964,BRA,65
1964,BUL,116
1964,CAM,15
1964,CAN,194
1964,CGO,2
1964,CHA,2
1964,CHI,16
1964,CIV,10
1964,CMR,2
1964,COL,40
1964,CRC,2
1964,CUB,76
1964,CZE,187
1964,DEN,71
1964,DOM,1
1964,EGY,83
1964,ESP,67
1964,ETH,19
1964,FIN,151
1964,FRA,214
1964,GBR,301
1964,GER,478
1964,GHA,40
1964,GRE,19
1964,GUY,1
1964,HKG,50
1964,HUN,319
1964,IND,111
1964,IRI,96
1964,IRL,35
1964,IRQ,19
1964,ISL,5
1964,ISR,13
1964,ITA,256
1964,JAM,32
1964,JPN,456
1964,KEN,41
1964,KOR,240
1964,LBR,2
1964,LIB,8
1964,LIE,3
1964,LUX,27
1964,MAD,4
1964,MAR,21
1964,MAS,81
1964,MEX,128
1964,MGL,40
1964,MLI,2
1964,MON,1
1964,MYA,12
1964,NED,158
1964,NEP,6
1964,NGR,19
1964,NIG,1
1964,NOR,43
1964,NZL,88
1964,PAK,47
1964,PAN,15
1964,PER,40
1964,PHI,70
1964,POL,240
1964,POR,25
1964,PUR,45
1964,ROU,232
1964,RUS,463
1964,SEN,14
1964,SRB,123
1964,SRI,7
1964,SUI,129
1964,SWE,175
1964,TAN,4
1964,THA,67
1964,TPE,96
1964,TTO,18
1964,TUN,12
1964,TUR,25
1964,UGA,19
1964,URU,29
1964,USA,492
1964,VEN,23
1964,VNM,23
1964,ZAM,15
1964,ZIM,33
1968,AFG,5
1968,AHO,5
1968,ALG,9
1968,ARG,132
1968,AUS,224
1968,AUT,59
1968,BAH,22
1968,BAR,13
1968,BEL,106
1968,BER,6
1968,BIZ,7
1968,BOL,4
1968,BRA,89
1968,BUL,189
1968,CAF,1
1968,CAN,291
1968,CHA,4
1968,CHI,25
1968,CIV,11
1968,CMR,5
1968,COD,8
1968,COL,70
1968,CRC,27
1968,CUB,227
1968,CZE,203
1968,DEN,93
1968,DOM,24
1968,ECU,41
1968,EGY,35
1968,ESA,104
1968,ESP,137
1968,ETH,26
1968,FIJ,1
1968,FIN,126
1968,FRA,311
1968,GBR,328
1968,GER,778
1968,GHA,36
1968,GRE,44
1968,GUA,67
1968,GUI,15
1968,GUY,6
1968,HKG,25
1968,HON,6
1968,HUN,303
1968,INA,6
1968,IND,27
1968,IRI,14
1968,IRL,57
1968,IRQ,4
1968,ISL,16
1968,ISR,39
1968,ISV,6
1968,ITA,268
1968,JAM,35
1968,JPN,289
1968,KEN,50
1968,KOR,66
1968,KUW,2
1968,LBA,1
1968,LIB,15
1968,LIE,3
1968,LUX,7
1968,MAD,6
1968,MAR,25
1968,MAS,35
1968,MEX,446
1968,MGL,38
1968,MLI,2
1968,MLT,1
1968,MON,2
1968,MYA,4
1968,NCA,16
1968,NED,140
1968,NGR,46
1968,NIG,2
1968,NOR,86
1968,NZL,65
1968,PAK,15
1968,PAN,16
1968,PAR,1
1968,PER,33
1968,PHI,89
1968,POL,296
1968,POR,33
1968,PUR,99
1968,ROU,100
1968,RUS,471
1968,SEN,24
1968,SGP,6
1968,SLE,4
1968,SMR,4
1968,SRB,130
1968,SRI,3
1968,SUD,7
1968,SUI,155
1968,SUR,1
1968,SWE,186
1968,SYR,2
1968,TAN,5
1968,THA,46
1968,TPE,93
1968,TTO,25
1968,TUN,8
1968,TUR,30
1968,UGA,14
1968,URU,50
1968,USA,529
1968,VEN,30
1968,VNM,9
1968,ZAM,7
1972,AFG,8
1972,AHO,2
1972,ALB,5
1972,ALG,7
1972,ARG,123
1972,AUS,266
1972,AUT,143
1972,BAH,25
1972,BAR,20
1972,BEL,106
1972,BEN,3
1972,BER,9
1972,BIZ,2
1972,BOL,14
1972,BRA,104
1972,BUL,226
1972,BUR,1
1972,CAM,17
1972,CAN,344
1972,CGO,8
1972,CHA,5
1972,CHI,13
1972,CIV,13
1972,CMR,18
1972,COL,75
1972,CRC,4
1972,CUB,201
1972,CZE,274
1972,DEN,155
1972,DOM,5
1972,ECU,4
1972,EGY,26
1972,ESA,18
1972,ESP,162
1972,ETH,40
1972,FIJ,4
1972,FIN,133
1972,FRA,356
1972,GAB,1
1972,GBR,433
1972,GER,1041
1972,GHA,41
1972,GRE,66
1972,GUA,11
1972,GUY,4
1972,HAI,7
1972,HKG,18
1972,HUN,367
1972,INA,7
1972,IND,43
1972,IRI,56
1972,IRL,84
1972,ISL,30
1972,ISR,17
1972,ISV,16
1972,ITA,345
1972,JAM,51
1972,JPN,293
1972,KEN,69
1972,KOR,43
1972,KSA,14
1972,KUW,4
1972,LBR,5
1972,LES,2
1972,LIB,36
1972,LIE,12
1972,LUX,15
1972,MAD,13
1972,MAR,39
1972,MAS,57
1972,MAW,18
1972,MEX,281
1972,MGL,44
1972,MLI,3
1972,MLT,5
1972,MON,5
1972,MYA,19
1972,NCA,10
1972,NED,199
1972,NEP,2
1972,NGR,36
1972,NIG,4
1972,NOR,161
1972,NZL,112
1972,PAK,26
1972,PAN,8
1972,PAR,3
1972,PER,31
1972,PHI,79
1972,POL,418
1972,POR,41
1972,PRK,83
1972,PUR,60
1972,ROU,258
1972,RUS,531
1972,SEN,40
1972,SGP,12
1972,SMR,7
1972,SOM,4
1972,SRB,212
1972,SRI,6
1972,SUD,31
1972,SUI,265
1972,SUR,3
1972,SWE,186
1972,SWZ,4
1972,SYR,5
1972,TAN,22
1972,THA,37
1972,TOG,7
1972,TPE,44
1972,TTO,36
1972,TUN,37
1972,TUR,50
1972,UGA,35
1972,URU,20
1972,USA,578
1972,VEN,33
1972,VNM,2
1972,ZAM,12
1976,AHO,4
1976,AND,3
1976,ANT,17
1976,ARG,106
1976,AUS,274
1976,AUT,73
1976,BAH,19
1976,BAR,17
1976,BEL,149
1976,BER,20
1976,BIZ,4
1976,BOL,5
1976,BRA,89
1976,BUL,254
1976,CAN,531
1976,CAY,2
1976,CHI,9
1976,CIV,11
1976,CMR,4
1976,COL,44
1976,CRC,10
1976,CUB,194
1976,CZE,251
1976,DEN,81
1976,DOM,11
1976,ECU,8
1976,EGY,26
1976,ESP,160
1976,FIJ,5
1976,FIN,108
1976,FRA,302
1976,GBR,353
1976,GER,859
1976,GRE,40
1976,GUA,28
1976,HAI,14
1976,HKG,50
1976,HON,3
1976,HUN,288
1976,INA,11
1976,IND,26
1976,IRI,104
1976,IRL,59
1976,ISL,22
1976,ISR,34
1976,ISV,26
1976,ITA,312
1976,JAM,36
1976,JPN,328
1976,KOR,51
1976,KSA,19
1976,KUW,21
1976,LIB,4
1976,LIE,9
1976,LUX,9
1976,MAR,9
1976,MAS,25
1976,MEX,137
1976,MGL,33
1976,MON,10
1976,NCA,25
1976,NED,175
1976,NEP,1
1976,NOR,79
1976,NZL,98
1976,PAK,24
1976,PAN,13
1976,PAR,6
1976,PER,14
1976,PHI,22
1976,PNG,9
1976,POL,286
1976,POR,36
1976,PRK,40
1976,PUR,112
1976,ROU,255
1976,RUS,574
1976,SEN,33
1976,SGP,4
1976,SMR,10
1976,SRB,95
1976,SUI,101
1976,SUR,4
1976,SWE,163
1976,THA,62
1976,TTO,20
1976,TUN,16
1976,TUR,28
1976,URU,15
1976,USA,554
1976,VEN,56
1980,AFG,11
1980,ALG,63
1980,AND,2
1980,ANG,17
1980,AUS,190
1980,AUT,92
1980,BEL,84
1980,BEN,17
1980,BOT,8
1980,BRA,149
1980,BUL,397
1980,CGO,25
1980,CMR,29
1980,COL,28
1980,CRC,37
1980,CUB,288
1980,CYP,15
1980,CZE,317
1980,DEN,60
1980,DOM,7
1980,ECU,16
1980,ESP,211
1980,ETH,48
1980,FIN,125
1980,FRA,200
1980,GBR,328
1980,GER,495
1980,GRE,45
1980,GUA,10
1980,GUI,10
1980,GUY,10
1980,HUN,392
1980,IND,78
1980,IRL,57
1980,IRQ,44
1980,ISL,12
1980,ITA,203
1980,JAM,32
1980,JOR,6
1980,KUW,67
1980,LAO,19
1980,LBA,38
1980,LES,7
1980,LIB,19
1980,LUX,4
1980,MAD,18
1980,MEX,74
1980,MGL,57
1980,MLI,7
1980,MLT,12
1980,MOZ,16
1980,MYA,2
1980,NCA,6
1980,NED,112
1980,NEP,10
1980,NGR,56
1980,NZL,7
1980,PER,38
1980,POL,418
1980,POR,18
1980,PRK,121
1980,PUR,3
1980,ROU,339
1980,RUS,660
1980,SEN,39
1980,SEY,21
1980,SLE,32
1980,SMR,16
1980,SRB,180
1980,SRI,4
1980,SUI,86
1980,SWE,201
1980,SYR,71
1980,TAN,48
1980,TTO,15
1980,UGA,16
1980,VEN,43
1980,VIE,38
1980,ZAM,43
1980,ZIM,52
1984,AHO,13
1984,ALG,33
1984,AND,2
1984,ANT,27
1984,ARG,115
1984,AUS,337
1984,AUT,130
1984,BAH,31
1984,BAN,2
1984,BAR,25
1984,BEL,86
1984,BEN,3
1984,BER,13
1984,BHU,6
1984,BIZ,13
1984,BOL,13
1984,BOT,8
1984,BRA,197
1984,BRN,14
1984,CAF,3
1984,CAN,572
1984,CAY,14
1984,CGO,13
1984,CHA,3
1984,CHI,64
1984,CHN,323
1984,CIV,18
1984,CMR,56
1984,COD,9
1984,COL,48
1984,CRC,32
1984,CYP,12
1984,DEN,74
1984,DJI,3
1984,DOM,24
1984,ECU,15
1984,EGY,148
1984,ESA,15
1984,ESP,257
1984,FIJ,26
1984,FIN,107
1984,FRA,354
1984,GAB,4
1984,GAM,16
1984,GBR,509
1984,GEQ,5
1984,GER,571
1984,GHA,27
1984,GRE,73
1984,GRN,6
1984,GUA,53
1984,GUI,1
1984,GUY,12
1984,HAI,3
1984,HKG,87
1984,HON,26
1984,INA,23
1984,IND,53
1984,IRL,55
1984,IRQ,25
1984,ISL,35
1984,ISR,65
1984,ISV,52
1984,ITA,368
1984,IVB,13
1984,JAM,75
1984,JOR,15
1984,JPN,365
1984,KEN,67
1984,KOR,240
1984,KSA,42
1984,KUW,31
1984,LBR,10
1984,LES,5
1984,LIB,30
1984,LIE,8
1984,LUX,5
1984,MAD,5
1984,MAR,35
1984,MAS,27
1984,MAW,23
1984,MEX,155
1984,MLI,5
1984,MLT,7
1984,MON,8
1984,MOZ,14
1984,MRI,7
1984,MTN,2
1984,MYA,1
1984,NCA,5
1984,NED,185
1984,NEP,10
1984,NGR,36
1984,NIG,4
1984,NOR,132
1984,NZL,162
1984,OMA,22
1984,PAK,33
1984,PAN,10
1984,PAR,18
1984,PER,44
1984,PHI,32
1984,PNG,12
1984,POR,48
1984,PUR,58
1984,QAT,26
1984,ROU,193
1984,RWA,6
1984,SAM,9
1984,SEN,29
1984,SEY,15
1984,SGP,14
1984,SLE,10
1984,SMR,31
1984,SOL,3
1984,SOM,9
1984,SRB,154
1984,SRI,6
1984,SUD,9
1984,SUI,245
1984,SUR,7
1984,SWE,254
1984,SWZ,11
1984,SYR,9
1984,TAN,21
1984,TGA,7
1984,THA,40
1984,TOG,6
1984,TPE,52
1984,TTO,23
1984,TUN,28
1984,TUR,62
1984,UAE,11
1984,UGA,30
1984,URU,23
1984,USA,693
1984,VEN,44
1984,YAR,3
1984,ZAM,18
1984,ZIM,20
1988,AFG,5
1988,AHO,4
1988,ALG,45
1988,AND,4
1988,ANG,33
1988,ANT,25
1988,ARG,134
1988,ARU,12
1988,ASA,6
1988,AUS,339
1988,AUT,96
1988,BAH,18
1988,BAN,11
1988,BAR,26
1988,BEL,85
1988,BEN,10
1988,BER,14
1988,BHU,6
1988,BIZ,13
1988,BOL,12
1988,BOT,11
1988,BRA,233
1988,BRN,16
1988,BUL,281
1988,BUR,9
1988,CAF,15
1988,CAN,503
1988,CAY,12
1988,CGO,10
1988,CHA,6
1988,CHI,23
1988,CHN,427
1988,CIV,29
1988,CMR,21
1988,COD,21
1988,COK,8
1988,COL,57
1988,CRC,33
1988,CYP,11
1988,CZE,226
1988,DEN,130
1988,DJI,6
1988,DOM,18
1988,ECU,15
1988,EGY,59
1988,ESA,7
1988,ESP,317
1988,FIJ,41
1988,FIN,101
1988,FRA,413
1988,GAB,2
1988,GAM,6
1988,GBR,472
1988,GEQ,7
1988,GER,918
1988,GHA,21
1988,GRE,72
1988,GRN,7
1988,GUA,37
1988,GUI,7
1988,GUM,26
1988,GUY,8
1988,HAI,5
1988,HKG,91
1988,HON,18
1988,HUN,315
1988,INA,43
1988,IND,55
1988,IRI,26
1988,IRL,78
1988,IRQ,28
1988,ISL,42
1988,ISR,29
1988,ISV,46
1988,ITA,374
1988,IVB,4
1988,JAM,49
1988,JOR,9
1988,JPN,412
1988,KEN,88
1988,KOR,551
1988,KSA,13
1988,KUW,34
1988,LAO,3
1988,LBA,7
1988,LBR,11
1988,LES,6
1988,LIB,31
1988,LIE,16
1988,LUX,11
1988,MAR,29
1988,MAS,17
1988,MAW,22
1988,MDV,9
1988,MEX,144
1988,MGL,32
1988,MLI,8
1988,MLT,6
1988,MON,9
1988,MOZ,12
1988,MRI,11
1988,MTN,7
1988,MYA,3
1988,NED,202
1988,NEP,20
1988,NGR,86
1988,NIG,6
1988,NOR,79
1988,NZL,112
1988,OMA,13
1988,PAK,33
1988,PAN,9
1988,PAR,13
1988,PER,26
1988,PHI,42
1988,PNG,15
1988,POL,192
1988,POR,91
1988,PUR,56
1988,QAT,13
1988,ROU,172
1988,RUS,647
1988,RWA,8
1988,SAM,11
1988,SEN,35
1988,SGP,27
1988,SLE,20
1988,SMR,15
1988,SOL,5
1988,SOM,5
1988,SRB,183
1988,SRI,9
1988,SUD,8
1988,SUI,151
1988,SUR,10
1988,SWE,251
1988,SWZ,15
1988,SYR,13
1988,TAN,10
1988,TGA,7
1988,THA,15
1988,TOG,6
1988,TPE,123
1988,TTO,10
1988,TUN,45
1988,TUR,51
1988,UAE,36
1988,UGA,30
1988,URU,18
1988,USA,715
1988,VAN,6
1988,VEN,17
1988,VIE,12
1988,VIN,6
1988,YAR,8
1988,YMD,5
1988,ZAM,33
1988,ZIM,47
1992,AHO,4
1992,ALB,9
1992,ALG,36
1992,AND,8
1992,ANG,33
1992,ANT,18
1992,ARG,111
1992,ARU,5
1992,ASA,3
1992,AUS,390
1992,AUT,127
1992,BAH,18
1992,BAN,9
1992,BAR,22
1992,BEL,103
1992,BEN,7
1992,BER,29
1992,BHU,12
1992,BIH,13
1992,BIZ,18
1992,BOL,21
1992,BOT,6
1992,BRA,233
1992,BRN,15
1992,BUL,236
1992,BUR,4
1992,CAF,21
1992,CAN,445
1992,CAY,13
1992,CGO,10
1992,CHA,7
1992,CHI,15
1992,CHN,394
1992,CIV,18
1992,CMR,12
1992,COD,19
1992,COK,2
1992,COL,61
1992,CRC,20
1992,CRO,46
1992,CUB,196
1992,CYP,19
1992,CZE,269
1992,DEN,144
1992,DJI,8
1992,DOM,32
1992,ECU,15
1992,EGY,83
1992,ESA,6
1992,ESP,537
1992,EST,46
1992,ETH,24
1992,FIJ,36
1992,FIN,130
1992,FRA,486
1992,GAB,5
1992,GAM,8
1992,GBR,512
1992,GEQ,8
1992,GER,653
1992,GHA,41
1992,GRE,76
1992,GRN,5
1992,GUA,41
1992,GUI,11
1992,GUM,45
1992,GUY,7
1992,HAI,8
1992,HKG,66
1992,HON,27
1992,HUN,351
1992,INA,51
1992,IND,61
1992,IOA,76
1992,IRI,44
1992,IRL,77
1992,IRQ,8
1992,ISL,31
1992,ISR,44
1992,ISV,34
1992,ITA,431
1992,IVB,4
1992,JAM,51
1992,JOR,5
1992,JPN,392
1992,KEN,55
1992,KOR,322
1992,KSA,17
1992,KUW,37
1992,LAO,7
1992,LAT,40
1992,LBA,5
1992,LES,8
1992,LIB,18
1992,LIE,8
1992,LTU,54
1992,LUX,8
1992,MAD,17
1992,MAR,45
1992,MAS,30
1992,MAW,4
1992,MDV,10
1992,MEX,140
1992,MGL,38
1992,MLI,6
1992,MLT,8
1992,MON,4
1992,MOZ,7
1992,MRI,22
1992,MTN,6
1992,MYA,5
1992,NAM,10
1992,NCA,9
1992,NED,257
1992,NEP,2
1992,NGR,72
1992,NIG,3
1992,NOR,114
1992,NZL,175
1992,OMA,5
1992,PAK,28
1992,PAN,7
1992,PAR,31
1992,PER,21
1992,PHI,38
1992,PNG,19
1992,POL,263
1992,POR,115
1992,PRK,123
1992,PUR,101
1992,QAT,30
1992,ROU,306
1992,RSA,141
1992,RUS,650
1992,RWA,10
1992,SAM,5
1992,SEN,25
1992,SEY,21
1992,SGP,37
1992,SLE,15
1992,SLO,47
1992,SMR,20
1992,SOL,1
1992,SRI,16
1992,SUD,7
1992,SUI,171
1992,SUR,9
1992,SWE,252
1992,SWZ,10
1992,SYR,9
1992,TAN,9
1992,TGA,5
1992,THA,64
1992,TOG,9
1992,TPE,38
1992,TTO,13
1992,TUN,15
1992,TUR,54
1992,UAE,36
1992,UGA,9
1992,URU,18
1992,USA,734
1992,VAN,8
1992,VEN,27
1992,VIE,10
1992,VIN,8
1992,YEM,8
1992,ZAM,11
1992,ZIM,28
1996,AFG,2
1996,AHO,7
1996,ALB,9
1996,ALG,47
1996,AND,8
1996,ANG,30
1996,ANT,19
1996,ARG,221
1996,ARM,38
1996,ARU,3
1996,ASA,7
1996,AUS,550
1996,AUT,92
1996,AZE,24
1996,BAH,36
1996,BAN,4
1996,BAR,22
1996,BDI,7
1996,BEL,81
1996,BEN,7
1996,BER,10
1996,BHU,2
1996,BIH,12
1996,BIZ,5
1996,BLR,259
1996,BOL,9
1996,BOT,7
1996,BRA,251
1996,BRN,5
1996,BRU,1
1996,BUL,181
1996,BUR,5
1996,CAF,5
1996,CAM,5
1996,CAN,408
1996,CAY,9
1996,CGO,5
1996,CHA,4
1996,CHI,24
1996,CHN,438
1996,CIV,13
1996,CMR,19
1996,COD,14
1996,COK,3
1996,COL,62
1996,COM,4
1996,CPV,3
1996,CRC,13
1996,CRO,117
1996,CUB,178
1996,CYP,24
1996,CZE,169
1996,DEN,145
1996,DJI,5
1996,DMA,6
1996,DOM,16
1996,ECU,28
1996,EGY,33
1996,ESA,10
1996,ESP,384
1996,EST,52
1996,ETH,19
1996,FIJ,21
1996,FIN,105
1996,FRA,453
1996,GAB,9
1996,GAM,12
1996,GBR,391
1996,GBS,3
1996,GEO,42
1996,GEQ,8
1996,GER,626
1996,GHA,40
1996,GRE,180
1996,GRN,5
1996,GUA,28
1996,GUI,5
1996,GUM,9
1996,GUY,9
1996,HAI,7
1996,HKG,32
1996,HON,7
1996,HUN,315
1996,INA,45
1996,IND,54
1996,IRI,18
1996,IRL,99
1996,IRQ,3
1996,ISL,15
1996,ISR,38
1996,ISV,14
1996,ITA,460
1996,IVB,11
1996,JAM,69
1996,JOR,5
1996,JPN,448
1996,KAZ,142
1996,KEN,54
1996,KGZ,53
1996,KOR,417
1996,KSA,34
1996,KUW,27
1996,LAO,5
1996,LAT,55
1996,LBA,5
1996,LBR,7
1996,LCA,8
1996,LES,11
1996,LIB,1
1996,LIE,2
1996,LTU,81
1996,LUX,7
1996,MAD,14
1996,MAR,38
1996,MAS,43
1996,MAW,2
1996,MDA,50
1996,MDV,9
1996,MEX,111
1996,MGL,18
1996,MKD,16
1996,MLI,4
1996,MLT,10
1996,MON,4
1996,MOZ,3
1996,MRI,36
1996,MTN,4
1996,MYA,3
1996,NAM,10
1996,NCA,28
1996,NED,290
1996,NEP,6
1996,NGR,84
1996,NIG,3
1996,NOR,116
1996,NRU,3
1996,NZL,129
1996,OMA,5
1996,PAK,24
1996,PAN,9
1996,PAR,7
1996,PER,33
1996,PHI,18
1996,PLE,1
1996,PNG,17
1996,POL,207
1996,POR,131
1996,PRK,36
1996,PUR,91
1996,QAT,13
1996,ROU,284
1996,RSA,111
1996,RUS,552
1996,RWA,4
1996,SAM,5
1996,SEN,12
1996,SEY,9
1996,SGP,35
1996,SKN,14
1996,SLE,19
1996,SLO,47
1996,SMR,7
1996,SOL,4
1996,SOM,4
1996,SRB,79
1996,SRI,11
1996,STP,2
1996,SUD,4
1996,SUI,172
1996,SUR,11
1996,SVK,98
1996,SWE,233
1996,SWZ,6
1996,SYR,8
1996,TAN,7
1996,TGA,5
1996,THA,58
1996,TJK,8
1996,TKM,7
1996,TOG,7
1996,TPE,107
1996,TTO,16
1996,TUN,52
1996,TUR,61
1996,UAE,4
1996,UGA,12
1996,UKR,351
1996,URU,15
1996,USA,839
1996,UZB,95
1996,VAN,4
1996,VEN,53
1996,VIE,6
1996,VIN,12
1996,YEM,4
1996,ZAM,8
1996,ZIM,21
2000,AHO,8
2000,ALB,5
2000,ALG,51
2000,AND,5
2000,ANG,30
2000,ANT,4
2000,ARG,165
2000,ARM,26
2000,ARU,5
2000,ASA,4
2000,AUS,788
2000,AUT,114
2000,AZE,32
2000,BAH,39
2000,BAN,6
2000,BAR,28
2000,BDI,6
2000,BEL,94
2000,BEN,4
2000,BER,7
2000,BHU,2
2000,BIH,11
2000,BIZ,2
2000,BLR,231
2000,BOL,5
2000,BOT,9
2000,BRA,236
2000,BRN,4
2000,BRU,2
2000,BUL,150
2000,BUR,4
2000,CAF,3
2000,CAM,4
2000,CAN,422
2000,CAY,4
2000,CGO,5
2000,CHA,3
2000,CHI,58
2000,CHN,414
2000,CIV,18
2000,CMR,39
2000,COD,3
2000,COK,2
2000,COL,54
2000,COM,2
2000,CPV,2
2000,CRC,9
2000,CRO,108
2000,CUB,271
2000,CYP,24
2000,CZE,162
2000,DEN,124
2000,DJI,2
2000,DMA,4
2000,DOM,13
2000,ECU,11
2000,EGY,103
2000,ERI,3
2000,ESA,10
2000,ESP,431
2000,EST,41
2000,ETH,27
2000,FIJ,9
2000,FIN,88
2000,FRA,470
2000,FSM,5
2000,GAB,6
2000,GAM,2
2000,GBR,415
2000,GBS,3
2000,GEO,47
2000,GEQ,4
2000,GER,567
2000,GHA,28
2000,GRE,175
2000,GRN,3
2000,GUA,18
2000,GUI,6
2000,GUM,7
2000,GUY,4
2000,HAI,5
2000,HKG,46
2000,HON,20
2000,HUN,238
2000,INA,54
2000,IND,70
2000,IOA,4
2000,IRI,34
2000,IRL,76
2000,IRQ,4
2000,ISL,29
2000,ISR,58
2000,ISV,12
2000,ITA,457
2000,IVB,1
2000,JAM,65
2000,JOR,8
2000,JPN,363
2000,KAZ,158
2000,KEN,59
2000,KGZ,71
2000,KOR,359
2000,KSA,23
2000,KUW,30
2000,LAO,3
2000,LAT,60
2000,LBA,3
2000,LBR,10
2000,LCA,5
2000,LES,6
2000,LIB,6
2000,LIE,2
2000,LTU,77
2000,LUX,9
2000,MAD,13
2000,MAR,55
2000,MAS,55
2000,MAW,2
2000,MDA,35
2000,MDV,4
2000,MEX,98
2000,MGL,23
2000,MKD,15
2000,MLI,5
2000,MLT,7
2000,MON,4
2000,MOZ,4
2000,MRI,26
2000,MTN,2
2000,MYA,7
2000,NAM,16
2000,NCA,6
2000,NED,285
2000,NEP,5
2000,NGR,100
2000,NIG,4
2000,NOR,115
2000,NRU,2
2000,NZL,177
2000,OMA,8
2000,PAK,27
2000,PAN,7
2000,PAR,5
2000,PER,22
2000,PHI,22
2000,PLE,2
2000,PLW,5
2000,PNG,5
2000,POL,240
2000,POR,64
2000,PRK,47
2000,PUR,38
2000,QAT,19
2000,ROU,252
2000,RSA,161
2000,RUS,602
2000,RWA,5
2000,SAM,5
2000,SEN,32
2000,SEY,9
2000,SGP,23
2000,SKN,4
2000,SLE,3
2000,SLO,90
2000,SMR,4
2000,SOL,2
2000,SOM,2
2000,SRB,125
2000,SRI,24
2000,STP,2
2000,SUD,3
2000,SUI,138
2000,SUR,5
2000,SVK,132
2000,SWE,198
2000,SWZ,6
2000,SYR,8
2000,TAN,4
2000,TGA,3
2000,THA,68
2000,TJK,4
2000,TKM,8
2000,TOG,3
2000,TPE,75
2000,TTO,29
2000,TUN,47
2000,TUR,67
2000,UAE,5
2000,UGA,13
2000,UKR,368
2000,URU,17
2000,USA,764
2000,UZB,85
2000,VAN,3
2000,VEN,65
2000,VIE,7
2000,VIN,4
2000,YEM,2
2000,ZAM,8
2000,ZIM,26
2004,AFG,5
2004,AHO,3
2004,ALB,7
2004,ALG,71
2004,AND,6
2004,ANG,30
2004,ANT,5
2004,ARG,179
2004,ARM,19
2004,ARU,4
2004,ASA,3
2004,AUS,601
2004,AUT,92
2004,AZE,37
2004,BAH,28
2004,BAN,4
2004,BAR,15
2004,BDI,7
2004,BEL,70
2004,BEN,4
2004,BER,10
2004,BHU,2
2004,BIH,11
2004,BIZ,2
2004,BLR,192
2004,BOL,11
2004,BOT,12
2004,BRA,318
2004,BRN,10
2004,BRU,1
2004,BUL,119
2004,BUR,5
2004,CAF,4
2004,CAM,4
2004,CAN,391
2004,CAY,8
2004,CGO,5
2004,CHA,1
2004,CHI,29
2004,CHN,518
2004,CIV,5
2004,CMR,19
2004,COD,6
2004,COK,3
2004,COL,71
2004,COM,3
2004,CPV,3
2004,CRC,21
2004,CRO,100
2004,CUB,177
2004,CYP,21
2004,CZE,171
2004,DEN,115
2004,DMA,2
2004,DOM,33
2004,ECU,18
2004,EGY,104
2004,ERI,5
2004,ESA,9
2004,ESP,423
2004,EST,45
2004,ETH,27
2004,FIJ,9
2004,FIN,67
2004,FRA,461
2004,FSM,5
2004,GAB,5
2004,GAM,3
2004,GBR,360
2004,GBS,3
2004,GEO,39
2004,GEQ,2
2004,GER,592
2004,GHA,29
2004,GRE,499
2004,GRN,5
2004,GUA,19
2004,GUI,4
2004,GUM,4
2004,GUY,4
2004,HAI,8
2004,HKG,42
2004,HON,5
2004,HUN,258
2004,INA,39
2004,IND,81
2004,IRI,37
2004,IRL,55
2004,IRQ,24
2004,ISL,34
2004,ISR,46
2004,ISV,9
2004,ITA,474
2004,IVB,1
2004,JAM,62
2004,JOR,8
2004,JPN,414
2004,KAZ,130
2004,KEN,46
2004,KGZ,32
2004,KIR,3
2004,KOR,344
2004,KSA,16
2004,KUW,11
2004,LAO,5
2004,LAT,45
2004,LBA,8
2004,LBR,2
2004,LCA,2
2004,LES,3
2004,LIB,5
2004,LIE,1
2004,LTU,70
2004,LUX,14
2004,MAD,8
2004,MAR,57
2004,MAS,38
2004,MAW,4
2004,MDA,33
2004,MDV,4
2004,MEX,137
2004,MGL,21
2004,MKD,14
2004,MLI,21
2004,MLT,7
2004,MON,3
2004,MOZ,4
2004,MRI,9
2004,MTN,2
2004,MYA,2
2004,NAM,10
2004,NCA,6
2004,NED,264
2004,NEP,6
2004,NGR,79
2004,NIG,4
2004,NOR,60
2004,NRU,3
2004,NZL,184
2004,OMA,2
2004,PAK,26
2004,PAN,5
2004,PAR,22
2004,PER,14
2004,PHI,21
2004,PLE,3
2004,PLW,4
2004,PNG,6
2004,POL,224
2004,POR,93
2004,PRK,71
2004,PUR,52
2004,QAT,15
2004,ROU,193
2004,RSA,128
2004,RUS,593
2004,RWA,5
2004,SAM,3
2004,SEN,21
2004,SEY,10
2004,SGP,22
2004,SKN,2
2004,SLE,2
2004,SLO,102
2004,SMR,5
2004,SOL,2
2004,SOM,2
2004,SRB,96
2004,SRI,8
2004,STP,2
2004,SUD,4
2004,SUI,138
2004,SUR,4
2004,SVK,84
2004,SWE,157
2004,SWZ,3
2004,SYR,6
2004,TAN,9
2004,TGA,5
2004,THA,51
2004,TJK,9
2004,TKM,10
2004,TLS,2
2004,TOG,3
2004,TPE,104
2004,TTO,26
2004,TUN,64
2004,TUR,74
2004,UAE,5
2004,UGA,11
2004,UKR,357
2004,URU,18
2004,USA,726
2004,UZB,79
2004,VAN,2
2004,VEN,53
2004,VIE,11
2004,VIN,3
2004,YEM,3
2004,ZAM,6
2004,ZIM,14
2008,AFG,4
2008,AHO,4
2008,ALB,12
2008,ALG,57
2008,AND,5
2008,ANG,33
2008,ANT,5
2008,ARG,145
2008,ARM,26
2008,ARU,2
2008,ASA,4
2008,AUS,570
2008,AUT,93
2008,AZE,44
2008,BAH,33
2008,BAN,5
2008,BAR,10
2008,BDI,3
2008,BEL,112
2008,BEN,5
2008,BER,6
2008,BHU,2
2008,BIH,7
2008,BIZ,4
2008,BLR,237
2008,BOL,7
2008,BOT,11
2008,BRA,338
2008,BRN,15
2008,BUL,87
2008,BUR,6
2008,CAF,3
2008,CAM,4
2008,CAN,449
2008,CAY,6
2008,CGO,5
2008,CHA,2
2008,CHI,29
2008,CHN,730
2008,CIV,22
2008,CMR,32
2008,COD,5
2008,COK,4
2008,COL,90
2008,COM,3
2008,CPV,2
2008,CRC,8
2008,CRO,125
2008,CUB,171
2008,CYP,18
2008,CZE,158
2008,DEN,108
2008,DJI,2
2008,DMA,2
2008,DOM,27
2008,ECU,26
2008,EGY,116
2008,ERI,11
2008,ESA,14
2008,ESP,355
2008,EST,53
2008,ETH,29
2008,FIJ,6
2008,FIN,70
2008,FRA,448
2008,FSM,5
2008,GAB,4
2008,GAM,3
2008,GBR,420
2008,GBS,3
2008,GEO,38
2008,GEQ,3
2008,GER,558
2008,GHA,9
2008,GRE,176
2008,GRN,9
2008,GUA,13
2008,GUI,5
2008,GUM,7
2008,GUY,4
2008,HAI,7
2008,HKG,47
2008,HON,26
2008,HUN,216
2008,INA,26
2008,IND,67
2008,IRI,55
2008,IRL,63
2008,IRQ,4
2008,ISL,31
2008,ISR,60
2008,ISV,8
2008,ITA,459
2008,IVB,2
2008,JAM,66
2008,JOR,7
2008,JPN,457
2008,KAZ,146
2008,KEN,47
2008,KGZ,22
2008,KIR,2
2008,KOR,329
2008,KSA,18
2008,KUW,8
2008,LAO,4
2008,LAT,53
2008,LBA,6
2008,LBR,4
2008,LCA,4
2008,LES,5
2008,LIB,6
2008,LIE,2
2008,LTU,78
2008,LUX,19
2008,MAD,6
2008,MAR,49
2008,MAS,42
2008,MAW,4
2008,MDA,30
2008,MDV,4
2008,MEX,103
2008,MGL,31
2008,MHL,5
2008,MKD,7
2008,MLI,17
2008,MLT,6
2008,MNE,20
2008,MON,5
2008,MOZ,4
2008,MRI,11
2008,MTN,2
2008,MYA,7
2008,NAM,11
2008,NCA,7
2008,NED,283
2008,NEP,8
2008,NGR,89
2008,NIG,4
2008,NOR,102
2008,NRU,1
2008,NZL,201
2008,OMA,4
2008,PAK,22
2008,PAN,5
2008,PAR,7
2008,PER,13
2008,PHI,17
2008,PLE,4
2008,PLW,5
2008,PNG,9
2008,POL,316
2008,POR,87
2008,PRK,66
2008,PUR,31
2008,QAT,20
2008,ROU,172
2008,RSA,179
2008,RUS,600
2008,RWA,4
2008,SAM,7
2008,SEN,17
2008,SEY,10
2008,SGP,36
2008,SKN,6
2008,SLE,3
2008,SLO,73
2008,SMR,4
2008,SOL,3
2008,SOM,2
2008,SRB,97
2008,SRI,9
2008,STP,4
2008,SUD,9
2008,SUI,116
2008,SUR,4
2008,SVK,67
2008,SWE,169
2008,SWZ,4
2008,SYR,7
2008,TAN,9
2008,TGA,3
2008,THA,53
2008,TJK,16
2008,TKM,10
2008,TLS,1
2008,TOG,4
2008,TPE,92
2008,TTO,35
2008,TUN,29
2008,TUR,71
2008,TUV,3
2008,UAE,9
2008,UGA,11
2008,UKR,327
2008,URU,13
2008,USA,763
2008,UZB,69
2008,VAN,3
2008,VEN,126
2008,VIE,18
2008,VIN,2
2008,YEM,8
2008,ZAM,8
2008,ZIM,16
2012,AFG,6
2012,ALB,10
2012,ALG,39
2012,AND,6
2012,ANG,35
2012,ANT,4
2012,ARG,148
2012,ARM,31
2012,ARU,4
2012,ASA,4
2012,AUS,514
2012,AUT,90
2012,AZE,59
2012,BAH,29
2012,BAN,7
2012,BAR,8
2012,BDI,6
2012,BEL,142
2012,BEN,5
2012,BER,8
2012,BHU,2
2012,BIH,8
2012,BIZ,3
2012,BLR,185
2012,BOL,5
2012,BOT,4
2012,BRA,306
2012,BRN,14
2012,BRU,3
2012,BUL,75
2012,BUR,5
2012,CAF,6
2012,CAM,6
2012,CAN,354
2012,CAY,7
2012,CGO,7
2012,CHA,2
2012,CHI,44
2012,CHN,479
2012,CIV,10
2012,CMR,32
2012,COD,4
2012,COK,9
2012,COL,120
2012,COM,3
2012,CPV,3
2012,CRC,11
2012,CRO,118
2012,CUB,118
2012,CYP,13
2012,CZE,159
2012,DEN,149
2012,DJI,4
2012,DMA,2
2012,DOM,36
2012,ECU,36
2012,EGY,132
2012,ERI,12
2012,ESA,11
2012,ESP,339
2012,EST,36
2012,ETH,34
2012,FIJ,9
2012,FIN,69
2012,FRA,426
2012,FSM,6
2012,GAB,21
2012,GAM,2
2012,GBR,684
2012,GBS,4
2012,GEO,36
2012,GEQ,2
2012,GER,510
2012,GHA,7
2012,GRE,115
2012,GRN,8
2012,GUA,24
2012,GUI,4
2012,GUM,8
2012,GUY,6
2012,HAI,5
2012,HKG,55
2012,HON,25
2012,HUN,201
2012,INA,22
2012,IND,95
2012,IOA,4
2012,IRI,57
2012,IRL,76
2012,IRQ,8
2012,ISL,36
2012,ISR,56
2012,ISV,9
2012,ITA,382
2012,IVB,2
2012,JAM,62
2012,JOR,9
2012,JPN,399
2012,KAZ,132
2012,KEN,51
2012,KGZ,15
2012,KIR,3
2012,KOR,312
2012,KSA,23
2012,KUW,12
2012,LAO,3
2012,LAT,50
2012,LBA,4
2012,LBR,3
2012,LCA,4
2012,LES,4
2012,LIB,10
2012,LIE,4
2012,LTU,72
2012,LUX,11
2012,MAD,7
2012,MAR,67
2012,MAS,38
2012,MAW,3
2012,MDA,20
2012,MDV,5
2012,MEX,119
2012,MGL,32
2012,MHL,4
2012,MKD,4
2012,MLI,6
2012,MLT,5
2012,MNE,34
2012,MON,6
2012,MOZ,6
2012,MRI,11
2012,MTN,2
2012,MYA,6
2012,NAM,9
2012,NCA,6
2012,NED,222
2012,NEP,5
2012,NGR,58
2012,NIG,6
2012,NOR,69
2012,NRU,2
2012,NZL,204
2012,OMA,3
2012,PAK,21
2012,PAN,8
2012,PAR,10
2012,PER,16
2012,PHI,11
2012,PLE,5
2012,PLW,5
2012,PNG,8
2012,POL,256
2012,POR,98
2012,PRK,57
2012,PUR,28
2012,QAT,14
2012,ROU,155
2012,RSA,145
2012,RUS,549
2012,RWA,7
2012,SAM,9
2012,SEN,32
2012,SEY,6
2012,SGP,36
2012,SKN,7
2012,SLE,2
2012,SLO,78
2012,SMR,4
2012,SOL,4
2012,SOM,2
2012,SRB,134
2012,SRI,8
2012,STP,2
2012,SUD,6
2012,SUI,126
2012,SUR,5
2012,SVK,65
2012,SWE,168
2012,SWZ,3
2012,SYR,10
2012,TAN,6
2012,TGA,3
2012,THA,43
2012,TJK,16
2012,TKM,10
2012,TLS,2
2012,TOG,6
2012,TPE,55
2012,TTO,38
2012,TUN,87
2012,TUR,119
2012,TUV,3
2012,UAE,26
2012,UGA,16
2012,UKR,304
2012,URU,27
2012,USA,689
2012,UZB,56
2012,VAN,5
2012,VEN,85
2012,VIE,24
2012,VIN,3
2012,YEM,4
2012,ZAM,7
2012,ZIM,9
2016,AFG,3
2016,ALB,6
2016,ALG,74
2016,AND,4
2016,ANG,26
2016,ANT,9
2016,ARG,232
2016,ARM,34
2016,ARU,7
2016,ASA,4
2016,AUS,518
2016,AUT,85
2016,AZE,69
2016,BAH,38
2016,BAN,7
2016,BAR,13
2016,BDI,10
2016,BEL,138
2016,BEN,6
2016,BER,8
2016,BHU,2
2016,BIH,11
2016,BIZ,3
2016,BLR,142
2016,BOL,12
2016,BOT,14
2016,BRA,583
2016,BRN,33
2016,BRU,3
2016,BUL,58
2016,BUR,5
2016,CAF,6
2016,CAM,6
2016,CAN,405
2016,CAY,5
2016,CGO,10
2016,CHA,2
2016,CHI,47
2016,CHN,499
2016,CIV,15
2016,CMR,22
2016,COD,4
2016,COK,9
2016,COL,157
2016,COM,4
2016,CPV,5
2016,CRC,12
2016,CRO,93
2016,CUB,143
2016,CYP,21
2016,CZE,135
2016,DEN,143
2016,DJI,8
2016,DMA,2
2016,DOM,30
2016,ECU,40
2016,EGY,137
2016,ERI,12
2016,ESA,10
2016,ESP,363
2016,EST,49
2016,ETH,38
2016,FIJ,53
2016,FIN,67
2016,FRA,512
2016,FSM,5
2016,GAB,6
2016,GAM,4
2016,GBR,478
2016,GBS,5
2016,GEO,45
2016,GEQ,1
2016,GER,536
2016,GHA,15
2016,GRE,104
2016,GRN,6
2016,GUA,25
2016,GUI,5
2016,GUM,5
2016,GUY,7
2016,HAI,10
2016,HKG,47
2016,HON,23
2016,HUN,204
2016,INA,31
2016,IND,130
2016,IOA,9
2016,IRI,67
2016,IRL,93
2016,IRQ,20
2016,ISL,14
2016,ISR,59
2016,ISV,7
2016,ITA,399
2016,IVB,4
2016,JAM,77
2016,JOR,8
2016,JPN,436
2016,KAZ,123
2016,KEN,80
2016,KGZ,19
2016,KIR,3
2016,KOR,263
2016,KOS,8
2016,KSA,11
2016,LAO,5
2016,LAT,33
2016,LBA,7
2016,LBR,3
2016,LCA,5
2016,LES,9
2016,LIB,9
2016,LIE,3
2016,LTU,80
2016,LUX,15
2016,MAD,6
2016,MAR,52
2016,MAS,42
2016,MAW,5
2016,MDA,23
2016,MDV,4
2016,MEX,139
2016,MGL,46
2016,MHL,5
2016,MKD,6
2016,MLI,6
2016,MLT,8
2016,MNE,35
2016,MON,8
2016,MOZ,8
2016,MRI,11
2016,MTN,2
2016,MYA,8
2016,NAM,11
2016,NCA,5
2016,NED,329
2016,NEP,7
2016,NGR,77
2016,NIG,6
2016,NOR,77
2016,NRU,2
2016,NZL,232
2016,OMA,4
2016,PAK,7
2016,PAN,14
2016,PAR,11
2016,PER,34
2016,PHI,13
2016,PLE,6
2016,PLW,6
2016,PNG,8
2016,POL,289
2016,POR,106
2016,PRK,38
2016,PUR,41
2016,QAT,42
2016,ROT,12
2016,ROU,121
2016,RSA,155
2016,RUS,406
2016,RWA,7
2016,SAM,9
2016,SEN,22
2016,SEY,10
2016,SGP,32
2016,SKN,9
2016,SLE,4
2016,SLO,70
2016,SMR,4
2016,SOL,3
2016,SOM,2
2016,SRB,127
2016,SRI,10
2016,SSD,3
2016,STP,3
2016,SUD,6
2016,SUI,152
2016,SUR,6
2016,SVK,63
2016,SWE,186
2016,SWZ,2
2016,SYR,7
2016,TAN,7
2016,TGA,7
2016,THA,58
2016,TJK,7
2016,TKM,9
2016,TLS,3
2016,TOG,5
2016,TPE,67
2016,TTO,43
2016,TUN,65
2016,TUR,119
2016,TUV,1
2016,UAE,12
2016,UGA,23
2016,UKR,272
2016,URU,17
2016,USA,719
2016,UZB,80
2016,VAN,4
2016,VEN,105
2016,VIE,28
2016,VIN,4
2016,YEM,3
2016,ZAM,7
2016,ZIM,31
2020,AFG,5
2020,ALB,10
2020,ALG,45
2020,AND,3
2020,ANG,20
2020,ANT,6
2020,ARG,208
2020,ARM,19
2020,ARU,4
2020,ASA,6
2020,AUS,638
2020,AUT,103
2020,AZE,55
2020,BAH,22
2020,BAN,8
2020,BAR,9
2020,BDI,7
2020,BEL,185
2020,BEN,7
2020,BER,2
2020,BHU,4
2020,BIH,8
2020,BIZ,4
2020,BLR,137
2020,BOL,5
2020,BOT,16
2020,BRA,416
2020,BRN,33
2020,BRU,2
2020,BUL,56
2020,BUR,8
2020,CAF,2
2020,CAM,3
2020,CAN,509
2020,CAY,9
2020,CGO,3
2020,CHA,3
2020,CHI,63
2020,CHN,574
2020,CIV,32
2020,CMR,12
2020,COD,7
2020,COK,9
2020,COL,77
2020,COM,3
2020,CPV,6
2020,CRC,18
2020,CRO,74
2020,CUB,82
2020,CYP,23
2020,CZE,151
2020,DEN,138
2020,DJI,5
2020,DMA,2
2020,DOM,69
2020,ECU,52
2020,EGY,195
2020,EOR,35
2020,ERI,14
2020,ESA,7
2020,ESP,429
2020,EST,42
2020,ETH,38
2020,FIJ,32
2020,FIN,49
2020,FRA,538
2020,FSM,3
2020,GAB,5
2020,GAM,5
2020,GBR,548
2020,GBS,4
2020,GEO,36
2020,GEQ,3
2020,GER,597
2020,GHA,16
2020,GRE,100
2020,GRN,6
2020,GUA,24
2020,GUI,5
2020,GUM,5
2020,GUY,7
2020,HAI,6
2020,HKG,65
2020,HON,28
2020,HUN,237
2020,INA,35
2020,IND,151
2020,IRI,76
2020,IRL,150
2020,IRQ,3
2020,ISL,5
2020,ISR,128
2020,ISV,5
2020,ITA,524
2020,IVB,3
2020,JAM,87
2020,JOR,15
2020,JPN,787
2020,KAZ,116
2020,KEN,89
2020,KGZ,17
2020,KIR,3
2020,KOR,338
2020,KOS,11
2020,KSA,33
2020,KUW,10
2020,LAO,4
2020,LAT,38
2020,LBA,4
2020,LBN,6
2020,LBR,4
2020,LCA,5
2020,LES,2
2020,LIE,9
2020,LTU,59
2020,LUX,14
2020,MAD,6
2020,MAR,51
2020,MAS,47
2020,MAW,5
2020,MDA,26
2020,MDV,4
2020,MEX,196
2020,MGL,61
2020,MHL,2
2020,MKD,8
2020,MLI,4
2020,MLT,8
2020,MNE,35
2020,MON,6
2020,MOZ,10
2020,MRI,8
2020,MTN,2
2020,MYA,2
2020,NAM,11
2020,NCA,8
2020,NED,391
2020,NEP,5
2020,NGR,68
2020,NIG,7
2020,NOR,112
2020,NRU,2
2020,NZL,279
2020,OMA,5
2020,PAK,10
2020,PAN,11
2020,PAR,9
2020,PER,42
2020,PHI,27
2020,PLE,5
2020,PLW,3
2020,PNG,8
2020,POL,282
2020,POR,113
2020,PUR,39
2020,QAT,17
2020,ROC,561
2020,ROU,119
2020,RSA,211
2020,RWA,5
2020,SAM,13
2020,SEN,9
2020,SEY,6
2020,SGP,30
2020,SKN,2
2020,SLE,4
2020,SLO,64
2020,SMR,8
2020,SOL,3
2020,SOM,2
2020,SRB,110
2020,SRI,13
2020,SSD,2
2020,STP,5
2020,SUD,5
2020,SUI,196
2020,SUR,5
2020,SVK,56
2020,SWE,173
2020,SWZ,4
2020,SYR,6
2020,TAN,3
2020,TGA,6
2020,THA,48
2020,TJK,10
2020,TKM,10
2020,TLS,3
2020,TOG,4
2020,TPE,117
2020,TTO,44
2020,TUN,73
2020,TUR,139
2020,TUV,2
2020,UAE,5
2020,UGA,28
2020,UKR,225
2020,URU,11
2020,USA,856
2020,UZB,85
2020,VAN,3
2020,VEN,47
2020,VIE,23
2020,VIN,3
2020,YEM,6
2020,ZAM,31
2020,ZIM,5
2024,AFG,7
2024,AIN,46
2024,ALB,9
2024,ALG,55
2024,AND,4
2024,ANG,26
2024,ANT,5
2024,ARG,154
2024,ARM,17
2024,ARU,7
2024,ASA,2
2024,AUS,649
2024,AUT,121
2024,AZE,49
2024,BAH,21
2024,BAN,5
2024,BAR,4
2024,BDI,8
2024,BEL,240
2024,BEN,5
2024,BER,8
2024,BHU,3
2024,BIH,6
2024,BIZ,1
2024,BOL,4
2024,BOT,19
2024,BRA,401
2024,BRN,15
2024,BRU,3
2024,BUL,61
2024,BUR,8
2024,CAF,4
2024,CAM,3
2024,CAN,538
2024,CAY,5
2024,CGO,4
2024,CHA,3
2024,CHI,52
2024,CHN,587
2024,CIV,18
2024,CMR,6
2024,COD,6
2024,COK,2
2024,COL,105
2024,COM,5
2024,CPV,7
2024,CRC,6
2024,CRO,85
2024,CUB,69
2024,CYP,23
2024,CZE,149
2024,DEN,161
2024,DJI,7
2024,DMA,4
2024,DOM,64
2024,ECU,47
2024,EGY,207
2024,EOR,44
2024,ERI,12
2024,ESA,9
2024,ESP,526
2024,EST,26
2024,ETH,35
2024,FIJ,36
2024,FIN,62
2024,FRA,801
2024,FSM,3
2024,GAB,5
2024,GAM,8
2024,GBR,533
2024,GBS,6
2024,GEO,38
2024,GEQ,3
2024,GER,647
2024,GHA,11
2024,GRE,126
2024,GRN,6
2024,GUA,16
2024,GUI,25
2024,GUM,9
2024,GUY,5
2024,HAI,12
2024,HKG,51
2024,HON,4
2024,HUN,255
2024,INA,36
2024,IND,138
2024,IRI,46
2024,IRL,185
2024,IRQ,23
2024,ISL,7
2024,ISR,138
2024,ISV,5
2024,ITA,610
2024,IVB,4
2024,JAM,81
2024,JOR,13
2024,JPN,598
2024,KAZ,123
2024,KEN,77
2024,KGZ,17
2024,KIR,3
2024,KOR,248
2024,KOS,9
2024,KSA,11
2024,KUW,9
2024,LAO,4
2024,LAT,32
2024,LBA,6
2024,LBN,11
2024,LBR,10
2024,LCA,5
2024,LES,3
2024,LIE,1
2024,LTU,63
2024,LUX,13
2024,MAD,7
2024,MAR,63
2024,MAS,32
2024,MAW,3
2024,MDA,30
2024,MDV,5
2024,MEX,155
2024,MGL,48
2024,MHL,4
2024,MKD,6
2024,MLI,24
2024,MLT,5
2024,MNE,19
2024,MON,6
2024,MOZ,7
2024,MRI,12
2024,MTN,2
2024,MYA,2
2024,NAM,4
2024,NCA,7
2024,NED,449
2024,NEP,7
2024,NGR,103
2024,NIG,7
2024,NOR,128
2024,NRU,1
2024,NZL,253
2024,OMA,4
2024,PAK,10
2024,PAN,13
2024,PAR,29
2024,PER,32
2024,PHI,44
2024,PLE,8
2024,PLW,3
2024,PNG,7
2024,POL,312
2024,POR,95
2024,PRK,18
2024,PUR,53
2024,QAT,13
2024,ROU,144
2024,RSA,161
2024,RWA,8
2024,SAM,24
2024,SEN,13
2024,SEY,3
2024,SGP,32
2024,SKN,3
2024,SLE,4
2024,SLO,117
2024,SMR,5
2024,SOL,2
2024,SOM,1
2024,SRB,135
2024,SRI,6
2024,SSD,14
2024,STP,3
2024,SUD,4
2024,SUI,218
2024,SUR,6
2024,SVK,38
2024,SWE,173
2024,SWZ,3
2024,SYR,10
2024,TAN,7
2024,TGA,4
2024,THA,58
2024,TJK,14
2024,TKM,6
2024,TLS,4
2024,TOG,5
2024,TPE,78
2024,TTO,23
2024,TUN,31
2024,TUR,165
2024,TUV,2
2024,UAE,16
2024,UGA,27
2024,UKR,212
2024,URU,27
2024,USA,854
2024,UZB,119
2024,VAN,6
2024,VEN,37
2024,VIE,20
2024,VIN,4
2024,YEM,4
2024,ZAM,32
2024,ZIM,7
